id,username,created_at
1,olena_k,2024-01-15
2,dmytro_m,2024-02-03
3,anna_s,2024-02-20
4,ivan_p,2024-03-10
5,maria_l,2024-04-05
6,petro_h,2024-05-12
7,kateryna_b,2024-06-18
8,andriy_t,2024-07-22
9,oksana_v,2024-01-28
10,roman_k,2024-02-14
11,natalia_m,2024-03-01
12,yuriy_s,2024-03-18
13,victoria_l,2024-04-12
14,bohdan_r,2024-04-29
15,iryna_z,2024-05-20
16,oleksandr_p,2024-06-08
17,tetyana_h,2024-06-25
18,mykola_d,2024-07-15
19,svitlana_b,2024-08-02
20,vasyl_k,2024-08-19
21,halyna_m,2024-01-08
22,taras_sh,2024-01-25
23,yana_r,2024-02-11
24,maksym_l,2024-02-28
25,daria_v,2024-03-15
26,pavlo_t,2024-04-01
27,lesia_k,2024-04-18
28,artem_s,2024-05-05
29,maryna_h,2024-05-22
30,denys_p,2024-06-10
31,inna_z,2024-06-27
32,serhiy_m,2024-07-12
33,liudmyla_b,2024-07-29
34,vitaliy_k,2024-08-10
35,olha_r,2024-08-25
36,andriy_l,2024-01-20
37,sofia_v,2024-02-06
38,ihor_t,2024-02-23
39,zhanna_m,2024-03-12
40,volodymyr_s,2024-03-29
41,alina_h,2024-04-15
42,roman_p,2024-05-02
43,nadia_k,2024-05-19
44,yevhen_z,2024-06-05
45,valeria_d,2024-06-22
46,dmytro_r,2024-07-09
47,oleksandra_m,2024-07-26
48,bogdan_l,2024-08-12
49,kateryna_v,2024-08-28
50,vadym_t,2024-01-12
51,tetiana_s,2024-01-30
52,mykhailo_h,2024-02-16
53,yulia_p,2024-03-05
54,stepan_k,2024-03-22
55,lesya_z,2024-04-08
56,andriy_m,2024-04-25
57,nina_r,2024-05-12
58,igor_v,2024-05-29
59,angelina_l,2024-06-15
60,ostap_d,2024-07-02
61,christina_h,2024-07-19
62,ruslan_p,2024-08-05
63,diana_k,2024-08-22
64,orest_s,2024-01-18
65,zoryana_m,2024-02-04
66,markiyan_t,2024-02-21
67,ivanna_v,2024-03-10
68,yaroslav_l,2024-03-27
69,uliana_z,2024-04-13
70,taras_r,2024-04-30
71,mariana_h,2024-05-17
72,nazar_p,2024-06-03
73,emilia_k,2024-06-20
74,vasylyna_d,2024-07-07
75,roman_s,2024-07-24
76,anastasia_m,2024-08-10
77,yaroslav_v,2024-08-27
78,karolina_l,2024-01-22
79,myroslav_t,2024-02-08
80,solomiia_h,2024-02-25